query_id,room,query,title,product_url,image_url,description,price_text,price_num,source_site,category,relevance_score,why_it_matches,passes_filter,is_us_domain,scraped_at
lr_01,living_room,modern minimalist fabric sofa,"Harris Show Wood Sofa (76""–96"")",https://www.westelm.com/products/cp-harris-show-wood-sofa-h14202,https://assets.weimgs.com/weimgs/ab/images/wcm/products/202611/0814/img1c.jpg,"The Harris Show Wood Sofa features a slim, solid ash wood base and a tailored frame, offering a contemporary contrast. It is available with customizable fabrics and is GREENGUARD Gold Certified, making it a strong candidate for a modern minimalist fabric sofa.","$ 1,399.99",1399.99,West Elm,Sofa,95,"This sofa explicitly features a slim wood base and tailored frame, which are key characteristics of modern and minimalist design. It is available in customizable fabrics, directly matching the user's material preference.",False,True,2026-05-10T19:53:36
lr_01,living_room,modern minimalist fabric sofa,"Adrienne Tufted Sofa (104"")",https://www.westelm.com/products/mp-adrienne-tufted-sofa-104-mp042,https://assets.weimgs.com/weimgs/ab/images/wcm/products/202615/0014/adrienne-tufted-sofa-104-d.jpg,"The Adrienne Tufted Sofa features plush foam and feather cushions and comes in stylish polyester colors. It has a kiln-dried wood frame, offering comfort and durability. Its modern design is complemented by tufting.","$ 3,749",3749.0,West Elm,Sofa,85,"This is a fabric sofa (polyester) with a modern design. While the tufting might be a slight deviation from strict minimalism, it still aligns with a modern aesthetic and the fabric constraint.",False,True,2026-05-10T19:53:36
lr_01,living_room,modern minimalist fabric sofa,"Marin 3-Piece Ottoman Sectional (114"")",https://www.westelm.com/products/marin-3-piece-chaise-sectional-h6950,https://assets.weimgs.com/weimgs/ab/images/wcm/products/202545/0007/marin-3-piece-ottoman-sectional-114-1-d.jpg,"This Marin 3-Piece Ottoman Sectional features plush, reversible cushions and a sturdy kiln-dried wood frame. Upholstered in Performance Basketweave fabric, it offers a relaxed, coastal vibe for ultimate lounging comfort.","$ 3,497",3497.0,West Elm,Sectional,75,"This is a fabric sectional, which is a type of sofa, upholstered in Performance Basketweave. While its style is described as 'relaxed coastal', it can still fit a modern living space.",False,True,2026-05-10T19:53:36
lr_01,living_room,modern minimalist fabric sofa,"Marin 86"" Sofa (In-Stock & Ready to Ship)",https://www.westelm.com/products/is-promo-marin-sofa-h6955,https://assets.weimgs.com/weimgs/ab/images/wcm/products/202610/0735/marin-86-sofa-in-stock-ready-to-ship-d.jpg,"The Marin 86"" Sofa features plush, reversible cushions and a sturdy kiln-dried wood frame. Upholstered in Performance Basketweave fabric, it offers an oversized frame with relaxed, coastal vibes. It is in-stock and ready to ship.","$ 1,799",1799.0,West Elm,Sofa,75,"This is a fabric sofa, specifically upholstered in Performance Basketweave. While its style is described as 'relaxed coastal', it is a modern sofa option and is available for quick shipping.",False,True,2026-05-10T19:53:36
lr_01,living_room,modern minimalist fabric sofa,Open Box: Haven Extra Deep Right-Arm 2 Seater Sofa - Performance Velvet Sand,https://www.westelm.com/products/open-box-build-your-own-haven-sectional-extra-deep-h4894-7383063,,"This is an open box Haven Extra Deep Right-Arm 2 Seater Sofa, upholstered in Performance Velvet Sand fabric. It offers an extra deep seat for lounging.","$ 1,139.97",1139.97,West Elm,Sofa,65,"This is a fabric sofa (Performance Velvet) that could fit a modern aesthetic. It is an open box item, which might be a consideration for some users.",True,True,2026-05-10T19:53:36
lr_02,living_room,round oak coffee table mid-century,"Caprielle Round Coffee Table (50"")",https://www.westelm.com/products/mp-caprielle-round-coffee-table-mp201,https://assets.weimgs.com/weimgs/rk/images/wcm/products/202603/0548/caprielle-round-coffee-table-2-c.jpg,"An elegant round coffee table featuring solid kiln-dried oak, available in Dark Brown or Natural finishes, designed for lasting style and durability.","$ 1,649",1649.0,West Elm,coffee table,90,"This product is a round oak coffee table, directly matching the user's primary material and shape preferences. While not explicitly labeled 'mid-century', its clean lines could fit the aesthetic.",True,True,2026-05-10T19:59:07
lr_02,living_room,round oak coffee table mid-century,"Oriana Round Coffee Table (30"")",https://www.westelm.com/products/mp-oriana-round-coffee-table-23-30-mp207,https://assets.weimgs.com/weimgs/rk/images/wcm/products/202616/1279/oriana-round-coffee-table-23-30-c.jpg,"An elegant round coffee table with a pedestal shape, made of durable, solid mango wood with a whitewash finish, handcrafted in India.",$ 599,599.0,West Elm,coffee table,65,"This is a round coffee table, matching the shape and category. However, it is made of mango wood, not oak, and its style is not explicitly mid-century.",True,True,2026-05-10T19:59:07
lr_02,living_room,round oak coffee table mid-century,"Drum Storage Coffee Table (32""–40"")",https://www.westelm.com/products/drum-storage-coffee-table-h2557,https://assets.weimgs.com/weimgs/rk/images/wcm/products/202611/0015/drum-storage-coffee-table-32-40-1-c.jpg,An expertly crafted drum-shaped coffee table with discrete interior storage and sustainably sourced mango wood tops. It is Fair Trade Certified.,$ 559.20,559.2,West Elm,coffee table,60,"This is a round (drum-shaped) coffee table with a modern aesthetic. It matches the shape and category but is made of mango wood, not oak, and is described as 'modern' rather than 'mid-century'.",True,True,2026-05-10T19:59:07
lr_02,living_room,round oak coffee table mid-century,"Aubin Round Pedestal Coffee Table (36"")",https://www.westelm.com/products/aubin-round-coffee-table-36-f898,https://assets.weimgs.com/weimgs/rk/images/wcm/products/202609/0607/aubin-round-coffee-table-36-d.jpg,A contemporary round pedestal coffee table featuring a solid acacia wood top with a Cool Walnut finish and striking bronze metal accents. It is Fair Trade Certified.,$ 799,799.0,West Elm,coffee table,60,"This is a round coffee table with a contemporary shape, matching the shape and category. However, it is made of acacia wood, not oak, and its style is described as 'contemporary' and 'modern' rather than 'mid-century'.",True,True,2026-05-10T19:59:07
lr_02,living_room,round oak coffee table mid-century,"Patrick Cain Designs Manza Round Coffee Table (22""–34"")",https://www.westelm.com/products/patrick-cain-manza-coffee-table-d14518,,"A round coffee table from Patrick Cain Designs, available in various sizes.",$ 699,699.0,West Elm,coffee table,55,"This is a round coffee table, matching the shape and category. However, there is no information about the material (oak) or specific style (mid-century) from the provided text, and no image is available.",True,True,2026-05-10T19:59:07
lr_02,living_room,round oak coffee table mid-century,"Bowed Legs Round Storage Coffee Table (31"")",https://www.westelm.com/products/mp-bowed-legs-storage-coffee-table-h10444,,A round coffee table featuring bowed legs and storage.,$ 629,629.0,West Elm,coffee table,55,"This is a round coffee table with storage, matching the shape and category. The 'bowed legs' might hint at a mid-century aesthetic, but the material (oak) and explicit style are not mentioned, and no image is available.",True,True,2026-05-10T19:59:07
lr_02,living_room,round oak coffee table mid-century,"Winona Round Pedestal Coffee Table (36"")",https://www.westelm.com/products/winona-round-pedestal-coffee-table-h7867,,A round pedestal coffee table.,$ 499,499.0,West Elm,coffee table,55,"This is a round coffee table, matching the shape and category. However, there is no information about the material (oak) or specific style (mid-century) from the provided text, and no image is available.",True,True,2026-05-10T19:59:07
lr_03,living_room,neutral wool area rug beige,Claud Wool Rug,https://www.westelm.com/products/claud-wool-rug-t8408,https://assets.weimgs.com/weimgs/rk/images/wcm/products/202616/0113/claud-wool-rug-c.jpg,"A handwoven rug made from 100% wool with a unique striated design in neutral Mocha tones, offering plush comfort and timeless elegance.","$ 499 – $ 1,199",499.0,West Elm,Patterned Rugs,95,"This rug is 100% handwoven wool, matching the material. It features neutral Mocha tones, which align with the user's request for a neutral beige rug.",True,True,2026-05-10T20:04:51
lr_03,living_room,neutral wool area rug beige,Custom Wool Rib Rug,https://www.westelm.com/products/custom-wool-rib-rug-t7289,https://assets.weimgs.com/weimgs/ab/images/wcm/products/202611/0048/custom-wool-rib-rug-d.jpg,"A custom-sized rug crafted from 100% wool, offering a plush, solid-color look in neutral shades like Angel's Share, perfect for adding cozy warmth to any space.","$ 59 – $ 3,059",59.0,West Elm,Solid Color Rugs,95,"This rug is made from 100% wool and is available in 'Angel's Share', a solid, neutral, beige-like color, directly matching the user's material and color preferences.",True,True,2026-05-10T20:04:51
lr_03,living_room,neutral wool area rug beige,Quartz Tufted Rug,https://www.westelm.com/products/quartz-rug-t5671,https://assets.weimgs.com/weimgs/rk/images/wcm/products/202602/0034/quartz-rug-swatch-c.jpg,"A hand-tufted rug blending soft wool with viscose, featuring a subtle watercolor design in quiet neutrals to create a calm backdrop for any room.","$ 399 – $ 2,099",399.0,West Elm,Patterned Rugs,90,"This rug is a wool and viscose blend, described as having 'quiet neutrals' and a 'tonal palette', which aligns well with the request for a neutral beige area rug.",True,True,2026-05-10T20:04:51
lr_03,living_room,neutral wool area rug beige,Cordoba Flatweave Wool Rug,https://www.westelm.com/products/cordoba-rug-t4527,https://assets.weimgs.com/weimgs/rk/images/wcm/products/202605/0029/cordoba-flatweave-wool-rug-c.jpg,"A handwoven flatweave rug made from a sustainably sourced wool blend, inspired by Andalusian tilework. It features specially dyed yarns that appear softly sun-bleached, with a reversible design.","$ 199 – $ 1,399",199.0,West Elm,Patterned Rugs,70,"This rug is a wool blend and a flatweave, matching the material and category. While the color is 'Multi', the description mentions 'softly sun-bleached' yarns, suggesting neutral tones that could include beige.",True,True,2026-05-10T20:04:51
lr_03,living_room,neutral wool area rug beige,Pierce & Ward Windowpane Check Handwoven Wool Rug,https://www.westelm.com/products/pierce-ward-windowpane-check-handwoven-wool-rug-t7709/?subGroupId=pierce-ward-windowpane-check-handwoven-wool-rug-t7709-SLAV-shape-runner,,A handwoven wool rug featuring a windowpane check pattern.,"$ 299 – $ 1,499",299.0,West Elm,,65,"This is a handwoven wool rug, matching the material and category. The 'Windowpane Check' pattern could be in neutral tones, but specific beige color information is not available.",True,True,2026-05-10T20:04:51
lr_03,living_room,neutral wool area rug beige,Glimmer Handwoven Wool Rug,https://www.westelm.com/products/glimmer-rugs-t5125,https://assets.weimgs.com/weimgs/rk/images/wcm/products/202615/0019/glimmer-handwoven-wool-rug-c.jpg,"An expertly crafted handwoven rug blending durable wool with soft, subtly shiny viscose, available in colors like Storm Gray.","$ 299 – $ 1,799",299.0,West Elm,Solid Color Rugs,60,"This is a handwoven wool rug, matching the material and category. However, the specified color is 'Storm Gray', which is a neutral but not beige.",True,True,2026-05-10T20:04:51
lr_03,living_room,neutral wool area rug beige,Mollie Handwoven Wool Rug,https://www.westelm.com/products/mollie-handwoven-wool-rug-t7793,,A handwoven wool rug.,"$ 329 – $ 2,329",329.0,West Elm,,60,"This is a handwoven wool rug, matching the material and category. However, no color information is available to confirm if it's beige or neutral.",True,True,2026-05-10T20:04:51
lr_03,living_room,neutral wool area rug beige,Brio Wool Rug,https://www.westelm.com/products/brio-rug-t5555,,A wool rug.,$ 399.20 – $ 959.20,399.2,West Elm,,60,"This is a wool rug, matching the material and category. However, no color information is available to confirm if it's beige or neutral.",True,True,2026-05-10T20:04:51
lr_03,living_room,neutral wool area rug beige,Diffused Blocks Flatweave Wool Rug,https://www.westelm.com/products/diffused-blocks-flatweave-wool-rug-b265,,A flatweave wool rug with a diffused blocks design.,"$ 199 – $ 1,099",199.0,West Elm,,60,"This is a flatweave wool rug, matching the material and category. However, no color information is available to confirm if it's beige or neutral.",True,True,2026-05-10T20:04:51
lr_03,living_room,neutral wool area rug beige,Laguna Jute Wool Rug,https://www.westelm.com/products/cp-laguna-wool-jute-rug-t7485,,A rug made from a blend of jute and wool.,$ 799.99,799.99,West Elm,,60,"This rug is a blend of jute and wool, matching the material and category. However, no color information is available to confirm if it's beige or neutral.",True,True,2026-05-10T20:04:51
lr_03,living_room,neutral wool area rug beige,Mini Pebble Wool Kids Rug,https://www.westelm.com/products/mini-pebble-wool-jute-kids-rug-h7774,https://assets.weimgs.com/weimgs/ab/images/wcm/products/202613/0643/mini-pebble-wool-jute-kids-rug-d.jpg,"A soft yet durable rug made from natural wool and cotton yarns, featuring a baubled texture. It is a Fair Trade Certified™ product.",$ 449 – $ 849,449.0,West Elm,Kids Rugs,40,"This is a wool rug, but it is specifically categorized as a 'Kids Rug' and the displayed color is 'Sunshine Yellow', not beige or a general neutral.",True,True,2026-05-10T20:04:51
lr_04,living_room,arc floor lamp brass,"Gold Floor Lamp, Arc Floor Lamp for Living Room with Adjustable Drum Lampshade",https://www.amazon.com/Adjustable-Lampshade-Standing-Reading-Bedroom/dp/B0BQ1MMD38/ref=cs_sr_dp_loc_1?dib=eyJ2IjoiMSJ9.gXugsXr2IKCETwhV4CV2oCttSX4oEep_ai24CSUv_glIAaWYeMZ62XoCcKKKnxIzdn-qnqWxvR1f6fFB8KxXcdrgRlBuV_mylCMp-T9XbgTgabWUdmySXkVmW_kpcbmslll5zJCiRLhwGLc_2LVOJ9gO8qujLbFHnHfPDWT3MORMY5kZe49guzW8eIWFTzQ7zW67IadEalOsfufBhBDHAqq33wuO6J1-Nj4vqXT9yZIx1c8mz541YDnfNmlSYXpE8L-xdjOBwEQGVKcvN-gW_0x3AIAi3qnkqhaeYM-hOhc.not_E_tWc-ytLAYHA-DOfME8quLxKMG-E7lD5gMCIhs&dib_tag=se&keywords=brass+arc+floor+lamp&qid=1778443554&sr=8-1,https://m.media-amazon.com/images/I/71U1V85OkWL._AC_UL320_.jpg,"A modern gold arc floor lamp for the living room, featuring an adjustable drum lampshade and an on/off foot switch, ideal as an arched reading light for various rooms.",$69.99,69.99,Amazon,floor lamp,100,"This product is explicitly described as a 'Gold Floor Lamp' and 'Arc Floor Lamp', directly matching both the material and form factor requirements.",True,True,2026-05-10T20:10:15
lr_04,living_room,arc floor lamp brass,"Simone Floor Lamp (60"")",https://www.westelm.com/products/simone-floor-lamp-h14053,https://assets.weimgs.com/weimgs/ab/images/wcm/products/202552/0323/simone-floor-lamp-60-d.jpg,"A floor lamp with a delicately curved metal design and a Champagne Bronze finish, offering adjustable height and a choice of linen shades. It adds an elegant and illuminating intrigue to living rooms or bedrooms.",$ 399,399.0,West Elm,floor lamp,95,"This floor lamp features a 'delicately curved metal' design, matching the 'arc' requirement, and comes in a 'Champagne Bronze' finish, which is a close match to 'brass'.",True,True,2026-05-10T20:10:15
lr_04,living_room,arc floor lamp brass,"Alman Overarching Floor Lamp (65"")",https://www.westelm.com/products/alman-overarching-floor-lamp-65-f798/?subGroupId=alman-overarching-floor-lamp-65-f798-SLAV-woodfinish-cool-walnut,https://assets.weimgs.com/weimgs/rk/images/wcm/products/202612/1324/alman-overarching-floor-lamp-65-1-c.jpg,An overarching floor lamp with a curved design.,$ 599,599.0,West Elm,floor lamp,70,"This product is explicitly an 'Overarching Floor Lamp', which directly matches the 'arc floor lamp' requirement. However, there is no mention of 'brass' in the available text, and the image suggests a darker finish.",True,True,2026-05-10T20:10:15
lr_05,living_room,boucle accent chair cream,Cozy Swivel Chair (In-Stock & Ready To Ship),https://www.westelm.com/products/is-cozy-swivel-chair-h3797,https://assets.weimgs.com/weimgs/rk/images/wcm/products/202607/0005/cozy-swivel-chair-c.jpg,"A lounge-ready swivel accent chair with a wide, low-slung seat, featuring plush recycled shearling in an ivory color. It is contract-grade for durability and offers a 360° swivel.",$ 799,799.0,West Elm,Accent Chair,95,"This swivel chair is described as 'Cozy Shearling, Ivory', which closely matches the 'boucle' material (shearling has a similar textured feel) and 'cream' color requested for an accent chair.",False,True,2026-05-10T20:16:03
lr_05,living_room,boucle accent chair cream,Crescent Swivel Chair,https://www.westelm.com/products/crescent-swivel-chair-h2914,https://assets.weimgs.com/weimgs/rk/images/wcm/products/202550/1216/crescent-swivel-chair-d.jpg,"A contemporary swivel accent chair with a 360° swivel base and medium firmness. It is available in various popular fabrics, explicitly including 'Performance Chunky Boucle'.","$ 599 – $ 1,558",599.0,West Elm,Accent Chair,90,"This swivel chair is explicitly available in 'Performance Chunky Boucle' fabric, matching the material request for an accent chair. While the image shows 'Camel', other fabric choices are available, likely including cream.",False,True,2026-05-10T20:16:03
lr_05,living_room,boucle accent chair cream,Laurent Grand Swivel Chair,https://www.westelm.com/products/laurent-swivel-chair-and-a-half-h14233,https://assets.weimgs.com/weimgs/rk/images/wcm/products/202549/0820/laurent-grand-swivel-chair-4-c.jpg,"A grand swivel accent chair with FSC®-certified wood and contract-grade durability. It is available in a variety of durable materials and colors, including 'Alabaster' and 'Warm White' which are cream-like.","$ 949 – $ 2,398",949.0,West Elm,Accent Chair,70,"This grand swivel chair is an accent chair available in 'Alabaster' and 'Warm White' color options, which are cream. However, the boucle material is not explicitly mentioned in the description, though many fabric options are available.",False,True,2026-05-10T20:16:03
lr_05,living_room,boucle accent chair cream,Imogene Grand Swivel Chair,https://www.westelm.com/products/imogene-grand-swivel-chair-f580,https://assets.weimgs.com/weimgs/rk/images/wcm/products/202610/0497/imogene-grand-swivel-chair-1-c.jpg,"A grand swivel chair, suitable as an accent chair. The image shows a light-colored upholstery, suggesting a cream option.","$ 1,379 – $ 2,758",1379.0,West Elm,Accent Chair,50,"This is a grand swivel accent chair, and the image suggests a cream-like color. However, the material is not specified, so it's uncertain if it is boucle.",False,True,2026-05-10T20:16:03
lr_05,living_room,boucle accent chair cream,Haven Swivel Chair,https://www.westelm.com/products/cp-haven-swivel-chair-h5895,https://assets.weimgs.com/weimgs/rk/images/wcm/products/202611/0009/haven-swivel-chair-c.jpg,"A swivel chair, suitable as an accent chair. The image shows a light-colored upholstery, suggesting a cream option.","$ 624.99 – $ 1,249.99",624.99,West Elm,Accent Chair,50,"This is a swivel accent chair, and the image suggests a cream-like color. However, the material is not specified, so it's uncertain if it is boucle.",False,True,2026-05-10T20:16:03
lr_05,living_room,boucle accent chair cream,Berra Leather Chair,https://www.westelm.com/products/berra-leather-chair-h12464,https://assets.weimgs.com/weimgs/rk/images/wcm/products/202551/0030/berra-leather-chair-c.jpg,"A low rounded profile accent chair, fully upholstered in top-grain leather. Shown in Nubuck Leather, Beige, it is GREENGUARD Gold Certified and contract-grade.","$ 1,399 – $ 2,798",1399.0,West Elm,Accent Chair,30,"This is an accent chair available in a beige nubuck leather, which is a cream-like color. However, the user specifically requested a boucle material, and this chair is leather.",False,True,2026-05-10T20:16:03
lr_05,living_room,boucle accent chair cream,Lacon Leather Slipper Chair,https://www.westelm.com/products/lacon-leather-slipper-chair-h12786,https://assets.weimgs.com/weimgs/rk/images/wcm/products/202606/0678/lacon-leather-slipper-chair-d.jpg,"A slipper accent chair featuring top-grain or vegan leather and a sturdy metal base. It is contract-grade quality and shown in Nubuck Leather, Cashew.","$ 559.20 – $ 1,598",559.2,West Elm,Accent Chair,30,"This is a slipper chair, a type of accent chair, available in a cashew nubuck leather, which is a cream-like color. However, the user specifically requested a boucle material, and this chair is leather.",False,True,2026-05-10T20:16:03
dr_01,dining_room,extendable wood dining table modern,"Extra Deep Mid-Century Extendable Dining Table (72"") - ADA",https://www.westelm.com/products/extra-deep-mid-century-extendable-dining-table-ada-h11915,https://assets.weimgs.com/weimgs/rk/images/wcm/products/202546/0712/extra-deep-mid-century-extendable-dining-table-72-92-acorn-d.jpg,"This West Elm dining table features a versatile, mid-century inspired design, crafted from FSC®-certified wood. It has an extra-deep top and is extendable with a drop-in leaf, making it great for entertaining and designed to be accessible.",$ 959.20,959.2,West Elm,Dining Table,100,"This table is explicitly described as 'Mid-Century Extendable Dining Table' and crafted from FSC®-certified wood, directly matching all user criteria for modern, extendable, and wood.",True,True,2026-05-10T20:22:04
dr_01,dining_room,extendable wood dining table modern,"Blakley Solid Wood Dining Table (72""–120"")",https://www.westelm.com/products/mp-blakley-dining-table-60-120-mp052,https://assets.weimgs.com/weimgs/rk/images/wcm/products/202604/0543/img2c.jpg,"The Blakley Solid Wood Dining Table by West Elm extends from 72""–120"", crafted from durable red oak with a natural finish. Its streamlined silhouette and tapered legs lend a timeless, modern style, perfect for gatherings.","$ 2,199",2199.0,West Elm,Dining Table,98,"This product is a 'Solid Wood Dining Table' that 'extends from 72""–120""' and has a 'streamlined silhouette and tapered legs' indicating a modern style.",True,True,2026-05-10T20:22:04
dr_01,dining_room,extendable wood dining table modern,Mid-Century Round Extendable Dining Table & Chairs Set,https://www.westelm.com/products/mid-century-round-extendable-dining-table-chairs-set-h13905,https://assets.weimgs.com/weimgs/rk/images/wcm/products/202614/0144/mid-century-rounded-extendable-dining-table-42-80-d.jpg,"This West Elm Mid-Century Round Extendable Dining Table & Chairs Set features a sleek design and versatile seating for 4–6. The table is extendable and embodies a modern, mid-century aesthetic.",$ 349,349.0,West Elm,Dining Table Set,95,"This is a 'Mid-Century Round Extendable Dining Table' which fits the modern, extendable, and wood criteria (implied by Mid-Century style and West Elm). It's part of a set, but the table itself is a strong match.",True,True,2026-05-10T20:22:04
dr_01,dining_room,extendable wood dining table modern,"Hargrove Extendable Dining Table (60""–100"")",https://www.westelm.com/products/hargrove-extendable-dining-table-h8811,,"This Hargrove dining table from West Elm is extendable, ranging from 60"" to 100"", offering versatile seating options. While specific material and style details are limited in the snippet, West Elm typically offers modern wood furniture.","$ 1,039.20",1039.2,West Elm,Dining Table,75,"This product is explicitly an 'Extendable Dining Table' with a size range of '60""–100""', strongly matching the extendable constraint. While 'wood' and 'modern' are not explicitly stated in the limited text, West Elm often features these characteristics.",True,True,2026-05-10T20:22:04
dr_01,dining_room,extendable wood dining table modern,"Pierce & Ward Burl Wood Dining Table (90"")",https://www.westelm.com/products/pierce-ward-burl-wood-dining-table-h13552,https://assets.weimgs.com/weimgs/rk/images/wcm/products/202611/0023/pierce-ward-burl-wood-dining-table-90-d.jpg,"The Pierce & Ward Burl Wood Dining Table by West Elm features a richly grained burl wood veneer top and tapered, V-shaped legs, bringing modern elegance and alluring angles to your dining room. It is Fair Trade crafted.","$ 1,699",1699.0,West Elm,Dining Table,70,"This is a 'Burl Wood Dining Table' with 'modern elegance' and 'tapered, V-shaped legs', matching the wood and modern criteria, but it is not extendable.",True,True,2026-05-10T20:22:04
dr_01,dining_room,extendable wood dining table modern,"Extra Deep Anton Solid Wood Dining Table (86"")",https://www.westelm.com/products/extra-deep-anton-solid-wood-dining-table-h6598,https://assets.weimgs.com/weimgs/rk/images/wcm/products/202546/0678/extra-deep-anton-solid-wood-dining-table-86-d.jpg,"The Extra Deep Anton Solid Wood Dining Table (86"") by West Elm is crafted from sustainably sourced mango wood. It features a spacious, deeper-than-usual top for entertaining, with graceful lines and shapely legs, though its style is described as farmhouse-inspired.","$ 1,899",1899.0,West Elm,Dining Table,60,"This is a 'Solid Wood Dining Table' with a deeper design, but the description mentions 'farmhouse-inspired design' which deviates from 'modern', and it is not explicitly stated as extendable for this specific 86"" model.",True,True,2026-05-10T20:22:04
dr_01,dining_room,extendable wood dining table modern,"Anton Solid Wood Dining Table (72"", 86"") - ADA",https://www.westelm.com/products/anton-solid-wood-dining-table-ada-h11909,https://assets.weimgs.com/weimgs/rk/images/wcm/products/202547/0063/img1c.jpg,"The Anton Solid Wood Dining Table by West Elm features sustainably sourced mango wood and an ADA-compliant design. It offers a substantial presence, but is not explicitly described as extendable or having a modern style.","$ 1,299",1299.0,West Elm,Dining Table,60,This is a 'Solid Wood Dining Table' but it is not explicitly stated as extendable and lacks clear modern style indicators in the description.,True,True,2026-05-10T20:22:04
dr_01,dining_room,extendable wood dining table modern,"Jensen Dining Table (76"")",https://www.westelm.com/products/jensen-dining-table-h1039,https://assets.weimgs.com/weimgs/rk/images/wcm/products/202607/0005/jensen-dining-table-76-d.jpg,"The Jensen Dining Table by West Elm features a solid eucalyptus wood A-frame base in a rich Acorn finish, paired with a clear tempered glass top for an airy, mid-century inspired look. It is a stylish addition to modern dining areas.",$ 749,749.0,West Elm,Dining Table,50,"This table has a 'solid eucalyptus wood A-frame base' and a 'mid-century look' (modern), but it features a glass top and is not extendable.",True,True,2026-05-10T20:22:04
dr_01,dining_room,extendable wood dining table modern,"Reclaimed Wood Pedestal Dining Table (54"")",https://www.westelm.com/products/reclaimed-wood-pedestal-dining-table-h3266,,"This West Elm dining table is made from reclaimed wood, offering a sustainable material choice. It features a pedestal design, but details on its extendability or explicit modern style are not available in the provided text.","$ 1,899",1899.0,West Elm,Dining Table,40,"This is a 'Reclaimed Wood Pedestal Dining Table', matching the wood criteria, but it is not explicitly extendable or described as modern, and lacks a proper image and detailed description.",True,True,2026-05-10T20:22:04
dr_01,dining_room,extendable wood dining table modern,"Palmetto Concrete & Wood Dining Table (78"")",https://www.westelm.com/products/palmetto-dining-table-f651,,"This Palmetto dining table from West Elm combines concrete and wood elements. While it includes wood, it is not explicitly extendable or described as modern, and the presence of concrete might not fully align with a 'wood dining table' query.","$ 1,499",1499.0,West Elm,Dining Table,40,"This table features 'Wood' but also 'Concrete', and is not explicitly extendable or described as modern. It lacks a proper image and detailed description.",True,True,2026-05-10T20:22:04
dr_01,dining_room,extendable wood dining table modern,"Atiya Dining Table (84""–100"")",https://www.westelm.com/products/mp-atiya-dining-table-h12719,,"This Atiya Dining Table from West Elm has a size range of 84""–100"", suggesting it is extendable. However, there is no explicit mention of it being made of wood or having a modern style in the available text, and it lacks an image.","$ 2,899",2899.0,West Elm,Dining Table,30,"The size range '84""–100""' suggests it might be extendable, but there is no explicit mention of wood or modern style, and no detailed description or image.",True,True,2026-05-10T20:22:04
dr_01,dining_room,extendable wood dining table modern,"Putnam Round Dining Table (48"", 60"", 72"")",https://www.westelm.com/products/putnam-round-dining-table-h11954,,"This Putnam Round Dining Table from West Elm is available in multiple sizes. However, the provided text does not indicate if it is extendable, made of wood, or has a modern design, and it lacks an image.",$ 719.20,719.2,West Elm,Dining Table,10,"This is a dining table, but there is no explicit mention of it being extendable, wood, or modern, and it lacks a proper image and description.",True,True,2026-05-10T20:22:04
dr_01,dining_room,extendable wood dining table modern,"Margery Dining Table (96"")",https://www.westelm.com/products/mp-margery-dining-table-mp335,,"This Margery Dining Table from West Elm is a large table. However, the provided text does not indicate if it is extendable, made of wood, or has a modern design, and it lacks an image.","$ 2,899",2899.0,West Elm,Dining Table,10,"This is a dining table, but there is no explicit mention of it being extendable, wood, or modern, and it lacks a proper image and description.",True,True,2026-05-10T20:22:04
dr_02,dining_room,upholstered dining chairs beige linen,Range High-Back Dining Chair,https://www.westelm.com/products/range-high-back-dining-chair-h9043,https://assets.weimgs.com/weimgs/ab/images/wcm/products/202615/0017/range-high-back-dining-chair-d.jpg,"The Range High-Back Dining Chair by West Elm features a plush upholstered seat, sturdy metal base, and built-in levelers for lasting comfort and style. It is available in Performance Yarn Dyed Linen Weave in Sand or Alabaster.",$ 399,399.0,West Elm,dining chairs,100,"This dining chair features an upholstered seat and is explicitly available in 'Performance Yarn Dyed Linen Weave, Sand' and 'Linen Alabaster' options, perfectly matching the beige linen criteria.",True,True,2026-05-10T20:27:31
dr_02,dining_room,upholstered dining chairs beige linen,Wayne Dining Arm Chair,https://www.westelm.com/products/wayne-arm-dining-chair-h11513,https://assets.weimgs.com/weimgs/ab/images/wcm/products/202611/0014/wayne-dining-arm-chair-d.jpg,"The Wayne Dining Arm Chair by West Elm features solid beechwood legs and is GREENGUARD Gold Certified. It is contract-grade durable and available in various upholstered fabrics, including multiple beige linen options.",$ 349,349.0,West Elm,dining chairs,100,"This upholstered dining arm chair is available in multiple beige linen options, including 'Linen Alabaster Performance Yarn Dyed Linen Weave', 'Warm White Performance Yarn Dyed Linen Weave', 'Oatmeal Performance Yarn Dyed Linen Weave', 'Light Sand Performance Yarn Dyed Linen Weave', and 'Sand Performance Yarn Dyed Linen Weave'.",True,True,2026-05-10T20:27:31
dr_02,dining_room,upholstered dining chairs beige linen,Hargrove High-Back Dining Chair,https://www.westelm.com/products/hargrove-high-back-dining-chair-h8812,https://assets.weimgs.com/weimgs/ab/images/wcm/products/202552/0316/hargrove-high-back-dining-chair-2-d.jpg,"The Hargrove High-Back Dining Chair by West Elm offers upholstered comfort with a farmhouse style. It features a foam-padded seat and is made of kiln-dried FSC®-certified wood, available in various fabrics including beige linen.",$ 399,399.0,West Elm,dining chairs,100,"This high-back dining chair offers upholstered comfort and is available in 'Performance Yarn Dyed Linen Weave, Alabaster', which is a beige linen option.",True,True,2026-05-10T20:27:31
dr_02,dining_room,upholstered dining chairs beige linen,Alessio Dining Chair,https://www.westelm.com/products/alessio-dining-chair-h13937,https://assets.weimgs.com/weimgs/ab/images/wcm/products/202550/0672/alessio-dining-chair-3-d.jpg,"The Alessio Dining Chair by West Elm features a sturdy metal frame, GREENGUARD Gold certification, and Fair Trade craftsmanship. It is upholstered and can be customized in a variety of fabrics and colors, including beige linen options.",$ 299,299.0,West Elm,dining chairs,100,"This dining chair is upholstered and can be customized in various beige linen options, such as 'Linen Alabaster Performance Yarn Dyed Linen Weave', 'Warm White Performance Yarn Dyed Linen Weave', 'Oatmeal Performance Yarn Dyed Linen Weave', and 'Light Sand Performance Yarn Dyed Linen Weave'.",True,True,2026-05-10T20:27:31
dr_02,dining_room,upholstered dining chairs beige linen,Boerum Dining Chair (In-Stock & Ready To Ship),https://www.westelm.com/products/is-boerum-dining-chair-h12187,https://assets.weimgs.com/weimgs/ab/images/wcm/products/202608/0275/boerum-dining-chair-d.jpg,The Boerum Dining Chair by West Elm offers a contemporary twist on a classic silhouette with an upholstered seat and back. It features a solid rubberwood frame and is GREENGUARD Gold Certified.,$ 349,349.0,West Elm,dining chairs,80,"This dining chair features an upholstered seat and back in 'Sand' (a beige color), though the material is Chenille Tweed, not linen.",True,True,2026-05-10T20:27:31
dr_02,dining_room,upholstered dining chairs beige linen,Anton Dining Chair (In-Stock & Ready To Ship),https://www.westelm.com/products/is-anton-dining-chair-h12185,https://assets.weimgs.com/weimgs/ab/images/wcm/products/202610/0024/anton-dining-chair-d.jpg,"The Anton Dining Chair by West Elm adds a relaxed, lived-in vibe to your dining room with its plush upholstered seat and back. It features elongated oval legs and is built to last with Contract Grade quality.",$ 299,299.0,West Elm,dining chairs,80,"This upholstered dining chair is available in 'Alabaster' (a beige color), but the material options mentioned are Performance Cozy Boucle and Twill, not linen.",True,True,2026-05-10T20:27:31
dr_03,dining_room,wood sideboard buffet cabinet,"ONBRILL 63"" Sideboard Buffet Cabinet, Kitchen Buffet Storage Cabinet, Large Credenza with Drawers & Doors, Wood Coffee Bar Console Wine Bar for Living Room Hallway Brown",https://www.amazon.com/ONBRILL-Sideboard-Cabinet-Kitchen-Credenza/dp/B0FB2NN135,https://m.media-amazon.com/images/I/816qNYgyYKL._AC_UL320_.jpg,"A 63-inch wood sideboard buffet cabinet with drawers and doors, suitable for kitchen, living room, or hallway. It can function as a coffee bar console or wine bar.",$219.99,219.99,Amazon,Buffets & Sideboards,100,"The title explicitly states 'Sideboard Buffet Cabinet' and 'Wood', directly matching the user's query.",True,True,2026-05-10T20:33:07
dr_03,dining_room,wood sideboard buffet cabinet,"FORTUNETEC Sideboard Buffet Cabinet with Storage, Mid Century Modern Accent Cabinet with Arched Doors, Modular Media Console, Minimalist Credenza for Living Room Kitchen Dining ...",https://www.amazon.com/FORTUNETEC-Sideboard-Minimalist-Credenza-Entryway/dp/B0FDGMXRZ9,https://m.media-amazon.com/images/I/91f9G+MhCDL._AC_UL640_QL65_.jpg,"A Mid-Century Modern sideboard buffet cabinet with storage, featuring arched doors. This minimalist credenza in walnut finish is suitable for living room, kitchen, dining room, or entryway.",$359.99,359.99,Amazon,Sideboard Buffet Cabinet,100,"The title explicitly states 'Sideboard Buffet Cabinet' and specifies 'Walnut', which is a type of wood, directly matching the user's query.",True,True,2026-05-10T20:33:07
dr_03,dining_room,wood sideboard buffet cabinet,"IFGET Modern Buffet Cabinet with Storage, 61.75"" W Fluted Arched Sideboard Cabinet w/Adjustable Shelves, Wooden Modular Coffee Bar for Dining Room, Kitchen, Living Room, Entrywa...",https://www.amazon.com/IFGET-Cabinet-Sideboard-Adjustable-Entryway/dp/B0FXRKRHJN,https://m.media-amazon.com/images/I/81ZjoM4KW-L._AC_UL320_.jpg,"A modern 61.75"" wide fluted arched sideboard cabinet with adjustable shelves and storage. Made of wooden material in a natural finish, it can be used as a coffee bar in dining room, kitchen, living room, or entryway.",$249.99,249.99,Amazon,"Buffet Cabinet, Sideboard Cabinet",100,"The title explicitly states 'Buffet Cabinet', 'Sideboard Cabinet', and 'Wooden', directly matching the user's query.",True,True,2026-05-10T20:33:07
dr_03,dining_room,wood sideboard buffet cabinet,"FUSUNBAO 57-Inch Sideboard Buffet Cabinet with 3 Drawers and 4 Doors, Vintage Fluted Sideboard with Scalloped Base, Vintage Storage Cabinet for Dining Room, Organic Modern Accen...",https://www.amazon.com/FUSUNBAO-57-Inch-Sideboard-Cabinet-Scalloped/dp/B0GVDCSFLJ/ref=cs_sr_dp_loc_1?dib=eyJ2IjoiMSJ9.4A1VAdDNbc-MItz3w0uVks8oYHnieD0X3xhEtaeCAGRApKyPw1LEJo0KV-5nfoqbO95mbxitqmyL9Dy-1Si_qTa0BTBVaHV181oMm0Ex-jB_10Akg-lixMeao5ds9vLTRNBIjBhLJfUl5XVBCyOjTyxSBJmR3JurL4ITY69KEirMmdfQftQyb-t3hiY9wiCSA1tQ0i73cWk9Vp7_LypGz1L4uEB9l6Dpaw8Bt1r31avnd2n3E-VW3JcEICJGKZrN7C6-jw1jtwZj3nFYDz2cH__EPpZ8m0GUO5jw2jnRiAY._WQgKWHJZNLXwVS6gHrzXohG9jCdBiMuKiuQUgJkCyM&dib_tag=se&keywords=wood+sideboard+buffet+cabinet&qid=1778444916&sr=8-5,https://m.media-amazon.com/images/I/814elE27u3L._AC_UL320_.jpg,"A 57-inch vintage fluted sideboard buffet cabinet with 3 drawers and 4 doors, featuring a scalloped base. This organic modern accent cabinet in walnut finish provides storage for dining rooms.",$279.99,279.99,Amazon,Sideboard Buffet Cabinet,100,"The title explicitly states 'Sideboard Buffet Cabinet' and specifies 'Walnut', which is a type of wood, directly matching the user's query.",True,True,2026-05-10T20:33:07
dr_03,dining_room,wood sideboard buffet cabinet,"Mid-Century Media Console (58"")",https://www.westelm.com/products/mid-century-media-console-large-h418,https://assets.weimgs.com/weimgs/rk/images/wcm/products/202547/0029/mid-century-media-console-58-c.jpg,"This Mid-Century Media Console from West Elm is made of durable, sustainably sourced FSC®-certified wood with an acorn finish. It features three drawers and two cabinets, and can be used as a buffet or a media console, offering a chic storage solution.",$999,999.0,West Elm,"Media Console, Buffet",95,The product description explicitly states it is made of 'FSC®-certified wood' and can be used 'as a buffet'.,True,True,2026-05-10T20:33:07
dr_04,dining_room,black pendant light dining room modern,"25"" Modern Matte Black Chandelier for Dining Room, No Assembly Required Black Dining Room Light Fixture Over Table, Industrial Metal Hanging Pendant Lights Fixture",https://www.amazon.com/Chandelier-Geometric-Industrial-Farmhouse-Entryway/dp/B0DMNRZXVD,https://m.media-amazon.com/images/I/7116P6vmbPL._AC_UL320_.jpg,"A 25-inch modern matte black chandelier designed for dining rooms, suitable as a light fixture over a table, or for kitchen islands, entryways, and foyers. Features an industrial metal hanging pendant light design with no assembly required.",$64.99,64.99,Amazon,Chandelier,95,"This product is a modern matte black chandelier explicitly designed for dining rooms, directly matching all key aspects of the user's query.",True,True,2026-05-10T20:38:54
dr_04,dining_room,black pendant light dining room modern,"Black Sputnik Chandelier for Dining Room, Modern Pendant Light Kitchen, 6-Light Adjustable Hanging Light Fixture",https://www.amazon.com/VANZARLA-Chandelier-Lighting-Industrial-Adjustable/dp/B0BVMCCN37,https://m.media-amazon.com/images/I/61M2olaOYLL._AC_UL320_.jpg,"A black Sputnik chandelier with 6 adjustable lights, suitable for dining rooms, kitchens, entryways, bedrooms, and foyers. Features a modern industrial hanging light fixture design.",$89.99,89.99,Amazon,Chandelier,90,"This black Sputnik chandelier is described as modern and suitable for dining rooms, aligning well with the user's preferences for color, style, and room.",True,True,2026-05-10T20:38:54
dr_04,dining_room,black pendant light dining room modern,"21.6"" Black Chandelier for Dining Room, 6-Light Geometric Farmhouse Dining Room Fixture, Modern Foyer Lighting Fixtures, Industrial Hanging Pendant Lights",https://www.amazon.com/Black-Farmhouse-Chandelier-Geometric-Industrial/dp/B0DNK78BMR/ref=cs_sr_dp_loc_1?dib=eyJ2IjoiMSJ9.5GKRC76l_iT9HHyDP7fRtx3BKJ-L9CluWH2zp6eHa_PX0eHWTg15lvlf6fegt6dBbQ47tThXvmlO7mY8YMFAZ1h1KYzO7bjFwTwwwwWveciVBrb0wTS2IqcnlobWSuSBd-KYPqW80xERNpni_kcBqHfMboOK4Fil_tZ-66NmcdN_9U0_G-Pdb4jcMXtDq6CfZjyrYFmqOsJBS_89Zpnvak_g1DHYvZBK3Mq0y1t0M2M3Oda2OFCFf7NubGU85WSEMXYlWRnFDerilvqBK6MT3hFsdMn_3_8cQFECIwxHhVQ.2RnTefwDFqOJXKBX7yKwS6l8iJS33zpjC3Iw2_rO32Q&dib_tag=se&keywords=modern+black+pendant+light+dining+room&qid=1778445251&sr=8-3,https://m.media-amazon.com/images/I/61789ngP7SL._AC_UL320_.jpg,"A 21.6-inch black chandelier with 6 lights, featuring a geometric design. Described as a modern foyer lighting fixture and industrial hanging pendant light, suitable for dining rooms, kitchen islands, living rooms, and entryways.",$49.99,49.99,Amazon,Chandelier,90,"This black chandelier is explicitly for dining rooms, features a modern design, and functions as a hanging pendant light, closely matching the user's request.",True,True,2026-05-10T20:38:54
dr_04,dining_room,black pendant light dining room modern,"25"" Modern Black and Gold Chandelier for Dining Room, No Assembly Required Black and Gold Dining Room Light Fixture Over Table, Industrial Metal Hanging Pendant Light",https://www.amazon.com/Assembly-Required-Chandelier-Industrial-Entryway/dp/B0FQ57CHH7,https://m.media-amazon.com/images/I/7116P6vmbPL._AC_UL320_.jpg,"A 25-inch modern black and gold chandelier designed for dining rooms, suitable as a light fixture over a table, or for kitchen islands and entryways. Features an industrial metal hanging pendant light design.",$75.99,75.99,Amazon,Chandelier,80,"This chandelier is modern, suitable for dining rooms, and predominantly black with gold accents, making it a good, though not purely black, match for the query.",True,True,2026-05-10T20:38:54
dr_05,dining_room,washable dining room rug stain resistant,Leni Washable Wool Rug,https://www.westelm.com/products/leni-washable-wool-rug-t7756,https://assets.weimgs.com/weimgs/ab/images/wcm/products/202617/0008/leni-washable-wool-rug-d.jpg,"A hand-tufted wool and cotton blend rug that is machine washable for easy cleaning, kid and pet friendly, and perfect for high-traffic dining areas.",$ 599,599.0,West Elm,rug,95,"This rug is explicitly machine washable, kid and pet friendly, and designed for high-traffic areas, making it ideal for a dining room and easy to clean from spills.",True,True,2026-05-10T20:45:09
dr_05,dining_room,washable dining room rug stain resistant,Ilana Washable Rug,https://www.westelm.com/products/ilana-washable-rug-t7149,https://assets.weimgs.com/weimgs/ab/images/wcm/products/202611/0005/ilana-washable-rug-d.jpg,"A hand-loomed 100% polyester rug that is machine washable for convenient, easy cleaning. It's shed-resistant and perfect for high-traffic areas, offering effortless style and maintenance.",$ 255,255.0,West Elm,rug,95,"This rug is machine washable, shed-resistant, and designed for high-traffic areas, making it highly suitable for a dining room and easy to maintain.",True,True,2026-05-10T20:45:09
dr_05,dining_room,washable dining room rug stain resistant,Cole Washable Wool Rug,https://www.westelm.com/products/cole-washable-wool-rug-t7753,https://assets.weimgs.com/weimgs/ab/images/wcm/products/202617/0014/cole-washable-wool-rug-d.jpg,"A hand-tufted wool and cotton blend rug that is machine washable for convenient, easy cleaning. It's kid and pet friendly and perfect for high-traffic areas, offering durability and style.",$ 599,599.0,West Elm,rug,95,"This rug is machine washable, kid and pet friendly, and designed for high-traffic areas, making it an excellent choice for a dining room and easy to clean.",True,True,2026-05-10T20:45:09
dr_05,dining_room,washable dining room rug stain resistant,Kalinar Washable Rug,https://www.westelm.com/products/kalinar-rug-t6874,https://assets.weimgs.com/weimgs/ab/images/wcm/products/202613/0057/kalinar-washable-rug-d.jpg,"A digitally printed washable rug with intricate details and a low pile, ideal for high-traffic areas. It offers easy-care durability and an antique-inspired design.",$ 261,261.0,West Elm,rug,95,"This rug is explicitly washable, offers easy-care durability, and its low pile is ideal for high-traffic areas like a dining room, ensuring easy cleanup.",True,True,2026-05-10T20:45:09
dr_05,dining_room,washable dining room rug stain resistant,Sage Washable Wool Rug,https://www.westelm.com/products/sage-washable-wool-rug-t7757,https://assets.weimgs.com/weimgs/ab/images/wcm/products/202617/0011/sage-washable-wool-rug-d.jpg,"A hand-tufted wool and cotton blend rug that is machine washable for convenient, easy cleaning. It's kid and pet friendly and perfect for high-traffic areas, offering durability and style.",$ 599,599.0,West Elm,rug,95,"This rug is machine washable, kid and pet friendly, and designed for high-traffic areas, making it an excellent choice for a dining room and easy to clean.",True,True,2026-05-10T20:45:09
dr_05,dining_room,washable dining room rug stain resistant,Chilewich William Morris Performance Rug,https://www.westelm.com/products/chilewich-william-morris-rug-b006,https://assets.weimgs.com/weimgs/ab/images/wcm/products/202617/0014/chilewich-william-morris-performance-rug-1-d.jpg,"A performance rug made from weather-resistant vinyl and polyester, suitable for indoor or outdoor use. It's long-lasting, great for high-traffic areas, and easy to clean.",$ 225,225.0,West Elm,rug,90,"This performance rug is weather-resistant, easy to clean, and made from long-lasting vinyl, making it highly durable and suitable for a dining room where spills may occur.",True,True,2026-05-10T20:45:09
dr_05,dining_room,washable dining room rug stain resistant,Lorena Canals Monstera Leaf Washable Rug,https://www.westelm.com/products/lorena-canals-monstera-leaf-washable-rug-d14653,https://assets.weimgs.com/weimgs/ab/images/wcm/products/202615/0057/lorena-canals-monstera-leaf-washable-rug-d.jpg,"A kid-friendly, eco-friendly rug that is made to be conveniently thrown in your washing machine for easy cleanup. It's durable and easy to clean.",$ 265,265.0,West Elm,rug,90,"This rug is explicitly washable and easy to clean, making it highly practical for a dining room, especially with potential spills, though its design is kid-focused.",True,True,2026-05-10T20:45:09
dr_05,dining_room,washable dining room rug stain resistant,Caria Performance Rug,https://www.westelm.com/products/caria-easy-care-rug-t6589,https://assets.weimgs.com/weimgs/ab/images/wcm/products/202546/0700/caria-performance-rug-2-d.jpg,"A performance rug with a classic Persian pattern, made from a shed-resistant, easy-to-clean material. It's power loomed and durable for high-traffic areas, offering low maintenance.",$ 99,99.0,West Elm,rug,85,"This performance rug is shed-resistant, easy-to-clean, and durable for high-traffic areas, making it suitable for a dining room and resistant to stains.",True,True,2026-05-10T20:45:09
dr_05,dining_room,washable dining room rug stain resistant,Terra Stripes Performance Rug,https://www.westelm.com/products/terra-stripes-rug-t4837,https://assets.weimgs.com/weimgs/ab/images/wcm/products/202616/0084/terra-stripes-performance-rug-1-d.jpg,"An easy-care performance rug woven from durable polyester, perfect for high-traffic areas. It's shed-resistant, family-friendly, and hand-loomed.",$ 249,249.0,West Elm,rug,85,"This performance rug is an easy-care, durable, and shed-resistant option, perfect for high-traffic dining areas and resistant to everyday wear and tear.",True,True,2026-05-10T20:45:09
dr_05,dining_room,washable dining room rug stain resistant,Boho Washable Rug,https://www.westelm.com/products/boho-washable-rug-h7912,"data:image/png;base64,iVBORw0KGgoAAAANSUhEUgAAAIwAAACMCAQAAAAEyYm1AAAAvklEQVR42u3QMQEAAAgDINc/rBG0gLcXRCA9xSFixIgRI0aMGDFixIgRgxgxYsSIESNGjBgxYhAjRowYMWLEiBEjRgxixIgRI0aMGDFixIhBjBgxYsSIESNGjBgxYiSIESNGjBgxYsSIESMGMWLEiBEjRowYMWLEIEaMGDFixIgRI0aMGMSIESNGjBgxYsSIEYMYMWLEiBEjRowYMWLEIEaMGDFixIgRI0aMGMSIESNGjBgxYsSIEYMYMWLEfFgX+g7EW9v8SgAAAABJRU5ErkJggg==",A washable rug offering easy maintenance and a boho style.,$ 199,199.0,West Elm,rug,85,"This rug is explicitly washable, making it easy to clean and maintain, which is a key requirement for a dining room.",True,True,2026-05-10T20:45:09
dr_05,dining_room,washable dining room rug stain resistant,Dense Grid Performance Rug,https://www.westelm.com/products/dense-grid-performance-rug-b080,https://assets.weimgs.com/weimgs/ab/images/wcm/products/202552/0624/dense-grid-performance-rug-3-d.jpg,A hand-woven performance rug made from 100% recycled polyester. It features a durable weave designed to stand up to daily use indoors and is built for everyday durability in busy living spaces.,$ 499,499.0,West Elm,rug,80,"This performance rug features a durable weave designed to stand up to daily use, making it a good option for a high-traffic dining room and resistant to wear.",True,True,2026-05-10T20:45:09
dr_05,dining_room,washable dining room rug stain resistant,Concentric Rainbows Performance Rug,https://www.westelm.com/products/concentric-rainbows-rug-h7275,https://assets.weimgs.com/weimgs/ab/images/wcm/products/202614/0263/concentric-rainbows-performance-rug-d.jpg,"A handwoven wool-cotton blend performance rug with durable, long-lasting, and easy-to-clean fibers. It's designed for high-traffic playrooms and is spot-clean safe.",$ 399.20,399.2,West Elm,rug,80,"This performance rug is made with durable, easy-to-clean fibers and designed for high-traffic areas, making it suitable for a dining room, though it's primarily marketed for kids' rooms and is spot-clean safe.",True,True,2026-05-10T20:45:09
dr_05,dining_room,washable dining room rug stain resistant,Glacial Performance Rug,https://www.westelm.com/products/glacial-rug-t5550,"data:image/png;base64,iVBORw0KGgoAAAANSUhEUgAAAIwAAACMCAQAAAAEyYm1AAAAvklEQVR42u3QMQEAAAgDINc/rBG0gLcXRCA9xSFixIgRI0aMGDFixIgRgxgxYsSIESNGjBgxYhAjRowYMWLEiBEjRgxixIgRI0aMGDFixIhBjBgxYsSIESNGjBgxYiSIESNGjBgxYsSIESMGMWLEiBEjRowYMWLEIEaMGDFixIgRI0aMGMSIESNGjBgxYsSIEYMYMWLEiBEjRowYMWLEIEaMGDFixIgRI0aMGMSIESNGjBgxYsSIEYMYMWLEfFgX+g7EW9v8SgAAAABJRU5ErkJggg==",A performance rug designed for durability and suitability for high-traffic areas.,$ 249,249.0,West Elm,rug,75,"As a performance rug, it is designed for durability and high-traffic areas, suggesting good resistance to wear and tear in a dining room.",True,True,2026-05-10T20:45:09
dr_05,dining_room,washable dining room rug stain resistant,Thea Performance Rug,https://www.westelm.com/products/thea-performance-rug-t7158,"data:image/png;base64,iVBORw0KGgoAAAANSUhEUgAAAIwAAACMCAQAAAAEyYm1AAAAvklEQVR42u3QMQEAAAgDINc/rBG0gLcXRCA9xSFixIgRI0aMGDFixIgRgxgxYsSIESNGjBgxYhAjRowYMWLEiBEjRgxixIgRI0aMGDFixIhBjBgxYsSIESNGjBgxYiSIESNGjBgxYsSIESMGMWLEiBEjRowYMWLEIEaMGDFixIgRI0aMGMSIESNGjBgxYsSIEYMYMWLEiBEjRowYMWLEIEaMGDFixIgRI0aMGMSIESNGjBgxYsSIEYMYMWLEfFgX+g7EW9v8SgAAAABJRU5ErkJggg==",A performance rug designed for durability and suitability for high-traffic areas.,$ 249,249.0,West Elm,rug,75,"As a performance rug, it is designed for durability and high-traffic areas, suggesting good resistance to wear and tear in a dining room.",True,True,2026-05-10T20:45:09
dr_05,dining_room,washable dining room rug stain resistant,Gates Performance Rug,https://www.westelm.com/products/gates-rug-t7489,"data:image/png;base64,iVBORw0KGgoAAAANSUhEUgAAAIwAAACMCAQAAAAEyYm1AAAAvklEQVR42u3QMQEAAAgDINc/rBG0gLcXRCA9xSFixIgRI0aMGDFixIgRgxgxYsSIESNGjBgxYhAjRowYMWLEiBEjRgxixIgRI0aMGDFixIhBjBgxYsSIESNGjBgxYiSIESNGjBgxYsSIESMGMWLEiBEjRowYMWLEIEaMGDFixIgRI0aMGMSIESNGjBgxYsSIEYMYMWLEiBEjRowYMWLEIEaMGDFixIgRI0aMGMSIESNGjBgxYsSIEYMYMWLEfFgX+g7EW9v8SgAAAABJRU5ErkJggg==",A performance rug designed for durability and suitability for high-traffic areas.,$ 399.20,399.2,West Elm,rug,75,"As a performance rug, it is designed for durability and high-traffic areas, suggesting good resistance to wear and tear in a dining room.",True,True,2026-05-10T20:45:09
ho_01,home_office,L-shaped wood writing desk,"Cutler L-Shaped Desk (68"") & File Cabinet (16"") Set",https://www.westelm.com/products/cutler-l-shaped-desk-and-file-cabinet-set-f466,https://assets.weimgs.com/weimgs/ab/images/wcm/products/202603/0734/cutler-l-shaped-desk-68-file-cabinet-16-set-c.jpg,"This L-shaped desk and file cabinet set from West Elm is crafted from solid mahogany and white oak veneer, offering a stylish and durable workspace solution.",$ 599,599.0,West Elm,writing desk,100,"This product is explicitly an ""L-Shaped Desk"" and is ""crafted from solid mahogany and white oak veneer"", directly matching the user's query for an L-shaped wood writing desk.",True,True,2026-05-10T20:50:51
ho_01,home_office,L-shaped wood writing desk,"Hughes L-Shaped Desk with File & Storage Cabinets (68"") & Tall Bookcase (34"") Set",https://www.westelm.com/products/hughes-desk-with-storage-cabinet-and-tall-bookcase-set-f477,https://assets.weimgs.com/weimgs/ab/images/wcm/products/202610/0266/hughes-l-shaped-desk-with-file-storage-cabinets-68-tall-bo-d.jpg,"This L-shaped desk set from West Elm, including file and storage cabinets and a tall bookcase, is crafted in cool walnut and solid mahogany, providing a stylish and durable workspace.","$ 1,399",1399.0,West Elm,writing desk,100,"This product is explicitly an ""L-Shaped Desk"" and is ""crafted in cool walnut and solid mahogany"", directly matching the user's query for an L-shaped wood writing desk.",True,True,2026-05-10T20:50:51
ho_01,home_office,L-shaped wood writing desk,"Hughes L-Shaped Desk with File & Storage Cabinets (68"") & Open/Closed Storage Cabinet (66"") Set",https://www.westelm.com/products/hughes-desk-file-cabinet-storage-cabinet-low-bookcase-set-f474,,"An L-shaped desk set from West Elm, featuring file and storage cabinets, designed to provide ample workspace and organization. It is part of the Hughes collection, which typically features wood construction.","$ 1,599",1599.0,West Elm,writing desk,95,"This product is explicitly an ""L-Shaped Desk"". While the specific wood type isn't detailed in the limited text, it's part of the Hughes collection, which is known for wood craftsmanship, making it a strong match for an L-shaped wood writing desk.",True,True,2026-05-10T20:50:51
ho_02,home_office,ergonomic mesh office chair lumbar,Steelcase Karman Office Chair,https://www.westelm.com/products/steelcase-karman-office-chair-h12104,https://assets.weimgs.com/weimgs/rk/images/wcm/products/202613/0057/steelcase-karman-office-chair-4-c.jpg,"Experience ergonomic comfort with the Steelcase Karman Office Chair, featuring a sleek plastic frame and breathable Intermix mesh design. It provides excellent back support and eases pressure points, with a weight-activated mechanism that adjusts to your body for continuous comfort.","$ 1,429",1429.0,West Elm,office chair,95,"This chair explicitly features an 'ergonomic frame' and 'breathable Intermix mesh design'. It also mentions 'perfect support for your back' and a 'weight-activated mechanism' for comfort, strongly indicating lumbar support and overall ergonomic design.",False,True,2026-05-10T20:56:16
ho_02,home_office,ergonomic mesh office chair lumbar,Steelcase Gesture Office Chair,https://www.westelm.com/products/steelcase-gesture-office-chair-h6097,"data:image/png;base64,iVBORw0KGgoAAAANSUhEUgAAAIwAAACMCAQAAAAEyYm1AAAAvklEQVR42u3QMQEAAAgDINc/rBG0gLcXRCA9xSFixIgRI0aMGDFixIgRgxgxYsSIESNGjBgxYhAjRowYMWLEiBEjRgxixIgRI0aMGDFixIhBjBgxYsSIESNGjBgxYiSIESNGjBgxYsSIESMGMWLEiBEjRowYMWLEIEaMGDFixIgRI0aMGMSIESNGjBgxYsSIEYMYMWLEiBEjRowYMWLEIEaMGDFixIgRI0aMGMSIESNGjBgxYsSIEYMYMWLEfFgX+g7EW9v8SgAAAABJRU5ErkJggg==",A Steelcase Gesture Office Chair.,"$ 2,149",2149.0,West Elm,office chair,60,"It is an 'Office Chair' from 'Steelcase', a brand known for ergonomic designs. While 'mesh' and 'lumbar' are not explicitly mentioned in the provided text, Steelcase chairs often feature these.",False,True,2026-05-10T20:56:16
ho_02,home_office,ergonomic mesh office chair lumbar,Bolton Low-Back Ergonomic Office Chair,https://www.westelm.com/products/bolton-low-back-office-chair-h14165,https://assets.weimgs.com/weimgs/ab/images/wcm/products/202607/0576/bolton-low-back-office-chair-d.jpg,An ergonomic low-back office chair with a Fair Trade Certified™ eucalyptus frame and custom upholstery. Designed for home or office use.,$ 699,699.0,West Elm,office chair,50,"The title explicitly states 'Ergonomic Office Chair'. However, it is 'low-back' and 'upholstered', not mesh, which are key mismatches for the user's specific material and support preferences.",False,True,2026-05-10T20:56:16
ho_03,home_office,tall walnut bookshelf 5-shelf,"Mid-Century Bookshelf (38"")",https://www.westelm.com/products/mid-century-38-bookshelf-acorn-h5336,https://assets.weimgs.com/weimgs/ab/images/wcm/products/202603/1585/mid-century-bookshelf-38-2-d.jpg,"This mid-century bookshelf features five spacious shelves, FSC®-certified wood, and an iconic '50s-inspired design with a warm acorn finish, ideal for stylish and sustainable storage.",$ 599,599.0,West Elm,Bookshelf,90,"This mid-century bookshelf explicitly features 'five spacious shelves' and a 'warm acorn finish' which is West Elm's walnut-like color. It perfectly matches the '5-shelf' and 'walnut' criteria, though its '38""' height might be considered medium rather than very tall.",True,True,2026-05-10T21:02:13
ho_03,home_office,tall walnut bookshelf 5-shelf,"Mid-Century 3-Piece Wide & Narrow Narrow Bookshelf Set (82"")",https://www.westelm.com/products/mid-century-wide-bookshelf-2-narrow-bookshelves-set-h6180,https://assets.weimgs.com/weimgs/ab/images/wcm/products/202603/1585/mid-century-3-piece-wide-narrow-narrow-bookshelf-set-82-1-d.jpg,"This 3-piece mid-century bookshelf set, standing 82"" tall, features sustainable wood and an iconic design, offering versatile storage for any space.","$ 1,947.66",1947.66,West Elm,Bookshelf Set,85,"This is a tall (82"") mid-century bookshelf set made of sustainable wood, likely with an acorn/walnut-like finish. The individual units appear to have multiple shelves, potentially 5, fulfilling the 'tall' and 'walnut' criteria well.",True,True,2026-05-10T21:02:13
ho_03,home_office,tall walnut bookshelf 5-shelf,"Wallace Modular Wide Shelf Unit (72"")",https://www.westelm.com/products/wallace-shelf-unit-h13289/?subGroupId=wallace-shelf-unit-h13289-SLAV-woodfinish-cool-walnut,,"A modular wide shelf unit with a 72"" height, available in a cool walnut finish.","$ 1,699",1699.0,West Elm,Shelf Unit,75,"This is a tall (72"") modular wide shelf unit available in a 'Cool Walnut' finish. It fits the 'tall' and 'walnut' criteria, but the exact number of shelves is not specified as 5.",True,True,2026-05-10T21:02:13
ho_03,home_office,tall walnut bookshelf 5-shelf,Rounded Wood Slats Shelf,https://www.westelm.com/products/mp-rounded-wood-slats-shelf-h10426,https://assets.weimgs.com/weimgs/ab/images/wcm/products/202547/0027/rounded-wood-slats-shelf-d.jpg,"This shelf unit features solid walnut and steel legs, with three spacious shelves, ideal for book collections, knickknacks, or picture frames.","$ 1,899",1899.0,West Elm,Shelf,65,"This shelf unit is made of 'solid walnut' and is suitable for books. However, it only has three shelves, not five, and is not explicitly described as 'tall'.",True,True,2026-05-10T21:02:13
ho_03,home_office,tall walnut bookshelf 5-shelf,"Mid-Century Narrow Bookcase w/ Closed Storage (20.5"")",https://www.westelm.com/products/mid-century-media-hutches-d1955,https://assets.weimgs.com/weimgs/rk/images/wcm/products/202605/0027/mid-century-narrow-bookcase-w-closed-storage-205-c.jpg,"This mid-century narrow bookcase features FSC®-certified wood, adjustable shelves, and a sleek design with closed storage, finished in acorn.",$ 999,999.0,West Elm,Bookcase,60,"This is a mid-century narrow bookcase with an acorn finish, which is similar to walnut. It has multiple shelves (appears to be 4 open shelves), but not explicitly 5, and includes closed storage. Its height is not explicitly 'tall'.",True,True,2026-05-10T21:02:13
ho_03,home_office,tall walnut bookshelf 5-shelf,"Hughes Tall Bookcases (34"") & Open/Closed Storage Cabinet (66"") Set",https://www.westelm.com/products/hughes-tall-bookcases-and-low-bookcase-set-f468,,"A set including tall bookcases (34"" wide) and an open/closed storage cabinet (66"" wide).","$ 1,399",1399.0,West Elm,Bookshelf Set,60,"This is a set of 'Tall Bookcases', matching the category and height preference. However, the material is not specified as walnut, and the number of shelves for a single unit is not explicitly 5.",True,True,2026-05-10T21:02:13
ho_03,home_office,tall walnut bookshelf 5-shelf,"Open Box: Mid-Century Bookshelf w/ Drawer (22"") - Acorn",https://www.westelm.com/products/open-box-mid-century-bookshelf-narrow-h1058-1412034,,"An open box mid-century bookshelf with a drawer, in an acorn finish.",$ 629.97,629.97,West Elm,Bookshelf,55,"This is a mid-century bookshelf with an acorn finish, which is similar to walnut. However, it includes a drawer and there's no explicit mention of it being tall or having 5 shelves.",True,True,2026-05-10T21:02:13
ho_03,home_office,tall walnut bookshelf 5-shelf,"Wallace Modular Low Shelf Unit (52""–72"")",https://www.westelm.com/products/wallace-low-bookshelf-h13284,https://assets.weimgs.com/weimgs/ab/images/wcm/products/202605/0315/wallace-modular-low-shelf-unit-52-72-7-d.jpg,"This modular low shelf unit features kiln-dried oak veneer and solid mahogany legs, available in a 'Cool Walnut' finish, with adjustable shelves.",$ 699,699.0,West Elm,Shelf Unit,50,"This is a modular shelf unit available in a 'Cool Walnut' finish. However, it is described as a 'low shelf unit' and the number of shelves is not specified as 5.",True,True,2026-05-10T21:02:13
ho_03,home_office,tall walnut bookshelf 5-shelf,Dennett Modular Bookshelf,https://www.westelm.com/products/dennett-bookshelf-h12176,,A modular bookshelf.,$ 899,899.0,West Elm,Bookshelf,50,"This is a modular bookshelf, which matches the category. However, there is no information about it being tall, walnut, or having 5 shelves.",True,True,2026-05-10T21:02:13
ho_03,home_office,tall walnut bookshelf 5-shelf,"Mid-Century Low Bookshelf (36"")",https://www.westelm.com/products/mid-century-low-shelf-acorn-h5334,https://assets.weimgs.com/weimgs/rk/images/wcm/products/202603/1585/mid-century-low-bookshelf-36-4-c.jpg,"This mid-century low bookshelf features FSC®-certified wood, slim legs, and a stylish Acorn finish, inspired by American modern design.",$ 399,399.0,West Elm,Bookshelf,40,"This is a mid-century bookshelf with an acorn finish, which is similar to walnut. However, it is explicitly described as a 'low bookshelf' and does not appear to have 5 shelves.",True,True,2026-05-10T21:02:13
ho_03,home_office,tall walnut bookshelf 5-shelf,Reclaimed Pine Wood Bookshelf,https://www.westelm.com/products/reclaimed-pine-wood-bookshelf-h3543,,A bookshelf made from reclaimed pine wood.,"$ 1,499",1499.0,West Elm,Bookshelf,40,"This is a bookshelf, but it is made of reclaimed pine wood, not walnut. There is no information about it being tall or having 5 shelves.",True,True,2026-05-10T21:02:13
ho_03,home_office,tall walnut bookshelf 5-shelf,"Parquet Open Shelf Unit (42"")",https://www.westelm.com/products/parquet-open-shelf-unit-f930,,"An open shelf unit with a 42"" height.",$ 999,999.0,West Elm,Shelf Unit,30,"This is an open shelf unit, but there is no information about it being walnut or having 5 shelves. Its 42"" height is also not explicitly 'tall'.",True,True,2026-05-10T21:02:13
ho_03,home_office,tall walnut bookshelf 5-shelf,"Otto Wall-Mounted Solid Wood Ladder Shelf (28"")",https://www.westelm.com/products/otto-wall-mounted-ladder-shelf-f185,,"A wall-mounted solid wood ladder shelf with a 28"" width.",$ 999,999.0,West Elm,Ladder Shelf,30,"This is a solid wood ladder shelf, but the wood type is not specified as walnut, and there's no mention of it being tall or having 5 shelves.",True,True,2026-05-10T21:02:13
ho_03,home_office,tall walnut bookshelf 5-shelf,"Blaine Shelf Unit w/ Storage (31.5"")",https://www.westelm.com/products/blaine-shelf-unit-w-storage-h12360,https://assets.weimgs.com/weimgs/rk/images/wcm/products/202611/0018/blaine-shelf-unit-w-storage-315-c.jpg,"The Blaine Shelf Unit w/ Storage (31.5"") features a powder-coated ivory finish, 3 shelves, and a cabinet, designed for stylish and versatile entryway storage.",$ 699,699.0,West Elm,Shelf Unit,20,"This is a shelf unit with storage, but it has an ivory finish, not walnut, and only features 3 shelves, not 5. It's also described as entryway furniture.",True,True,2026-05-10T21:02:13
ho_03,home_office,tall walnut bookshelf 5-shelf,"Mid-Century Console & Hutch Set (40"")",https://www.westelm.com/products/mid-century-media-tower-console-set-one-acorn-h580,,"A mid-century console and hutch set with a 40"" height.","$ 1,648",1648.0,West Elm,Console & Hutch Set,20,"This is a console and hutch set, not primarily a bookshelf. There is no information about it being walnut or having 5 shelves.",True,True,2026-05-10T21:02:13
ho_04,home_office,adjustable LED desk lamp matte black,LightCorp Tino Desk Lamp,https://www.westelm.com/products/lightcorp-tino-desk-lamp-h10774,https://assets.weimgs.com/weimgs/ab/images/wcm/products/202602/0070/lightcorp-tino-desk-lamp-d.jpg,"Illuminate your workspace with the LightCorp Tino Desk Lamp, featuring an integrated, long-lasting LED bulb, energy-saving inactivity sensor, and adjustable brightness with touch control. Part of a collaboration with LightCorp®.",$ 289,289.0,West Elm,Desk Lamp,75,"This is an LED desk lamp with adjustable brightness. The product image suggests a dark, potentially matte black finish. While physical adjustability is not explicitly stated, it is a desk lamp.",True,True,2026-05-10T21:07:48
ho_04,home_office,adjustable LED desk lamp matte black,Modern Deco LED Wireless Charging & USB Task Lamp,https://www.westelm.com/products/modern-deco-led-charging-table-lamp-usb-h3954,https://assets.weimgs.com/weimgs/ab/images/wcm/products/202615/0015/modern-deco-led-wireless-charging-usb-task-lamp-d.jpg,"A stylish and energy-efficient LED task lamp, suitable for a desk, featuring an integrated wireless charging pad and USB port. It's Contract Grade and built to last, perfect for your bedside, on your desk, or in the family room. Provides a full charge in 2-3 hours.",$ 199,199.0,West Elm,Task Lamp,65,"This is an LED task lamp, suitable for a desk, and the product image shows a dark, likely matte black finish. However, adjustability (physical or brightness) is not explicitly mentioned in the description.",True,True,2026-05-10T21:07:48
ho_05,home_office,framed minimalist wall art,"""Brush Stroke"" Framed Textile Art by Minted for West Elm",https://www.westelm.com/products/brush-stroke-framed-textile-art-by-minted-for-west-elm-d15084/,https://assets.weimgs.com/weimgs/rk/images/wcm/products/202547/0080/brush-stroke-framed-textile-art-by-minted-for-west-elm-d.jpg,"This soft textile artwork features a modern white wooden frame and vertical display, highlighting its modern, minimalist appeal through brush strokes.",$ 520,520.0,West Elm,Wall Art,100,"Explicitly described as having a 'modern, minimalist appeal' with brush strokes, and comes framed.",True,True,2026-05-10T22:35:15
ho_05,home_office,framed minimalist wall art,Layered Paper Composition Wall Art,https://www.westelm.com/products/layered-paper-composition-wall-art-d17197/,https://assets.weimgs.com/weimgs/rk/images/wcm/products/202615/0060/layered-paper-composition-wall-art-d.jpg,"Elevate your space with this giclee canvas art, featuring a wood frame and neutral layered paper composition that adds intrigue to a room.",$ 449,449.0,West Elm,Wall Art,95,"Features a wood frame and neutral layered paper composition, aligning with a minimalist aesthetic.",True,True,2026-05-10T22:35:15
ho_05,home_office,framed minimalist wall art,Leaving Spaces Framed Wall Art,https://www.westelm.com/products/leaving-spaces-framed-wall-art-d17580/,https://assets.weimgs.com/weimgs/rk/images/wcm/products/202604/0015/leaving-spaces-framed-wall-art-d.jpg,"This framed watercolor print adds a calming presence to any wall with its striking colors and neutral, abstract design.",$ 449,449.0,West Elm,Wall Art,95,"A framed watercolor print with a neutral, abstract design that creates a calming, minimalist aesthetic.",True,True,2026-05-10T22:35:15
ho_05,home_office,framed minimalist wall art,Paper Folding IV Framed Wall Art,https://www.westelm.com/products/paper-folding-4-wall-art-w4455/,https://assets.weimgs.com/weimgs/rk/images/wcm/products/202605/0107/paper-folding-iv-framed-wall-art-d.jpg,"Unique art with an abstract, origami-inspired design on matte paper, presented in a wooden frame and easy to hang.",$ 375,375.0,West Elm,Wall Art,95,"Features an abstract, origami-inspired design with a wooden frame, fitting a minimalist style.",True,True,2026-05-10T22:35:15
ho_05,home_office,framed minimalist wall art,42 Pressed Scape Abstract Wall Art - 3,https://www.westelm.com/products/lcl-42-pressed-scape-abstract-wall-art-3-d9267/,https://assets.weimgs.com/weimgs/rk/images/wcm/products/202611/0042/42-pressed-scape-abstract-wall-art-3-d.jpg,"Handcrafted from cotton stock and birchwood, this dimensional work of art takes inspiration from abstract landscapes, made from ripped paper, offering a unique touch.",$ 325,325.0,West Elm,Wall Art,90,"Features an abstract, dimensional design made from ripped paper, offering a minimalist and textural aesthetic, and is mounted on birchwood.",True,True,2026-05-10T22:35:15
ho_05,home_office,framed minimalist wall art,Change Framed Wall Art by Dan Hobday,https://www.westelm.com/products/change-wall-art-by-dan-hobday-w4477/,https://assets.weimgs.com/weimgs/rk/images/wcm/products/202617/0084/img21c.jpg,"Original abstract artwork by Dan Hobday, presented in a maple wood frame, designed to add bold designs to any bare wall.",$ 798,798.0,West Elm,Wall Art,90,"Features abstract artwork by Dan Hobday in a maple wood frame, aligning with a modern minimalist aesthetic.",True,True,2026-05-10T22:35:15
ho_05,home_office,framed minimalist wall art,Blue Layered Curves Framed Canvas Wall Art,https://www.westelm.com/products/blue-layered-curves-framed-canvas-wall-art-d16097/,https://assets.weimgs.com/weimgs/rk/images/wcm/products/202611/0047/blue-layered-curves-framed-canvas-wall-art-d.jpg,"This museum-quality print features a sleek white wooden frame, designed to elevate any room with its rich colors and fine details, perfect for modern decor.",$ 479,479.0,West Elm,Wall Art,85,"Features a sleek white wooden frame and a modern design with layered curves, suitable for a minimalist space.",True,True,2026-05-10T22:35:15
ho_05,home_office,framed minimalist wall art,Wake III Framed Wall Art by Minted for West Elm,https://www.westelm.com/products/minted-for-west-elm-wake-i-w1717/,https://assets.weimgs.com/weimgs/rk/images/wcm/products/202547/0084/wake-iii-framed-wall-art-by-minted-for-west-elm-d.jpg,"Artwork by Lindsay Megahed, this beautiful watercolor adds soft, dreamy style to a room, featuring premium plexiglass and three frame options.",$ 94,94.0,West Elm,Wall Art,80,"A framed watercolor print with a soft, dreamy style that can complement a minimalist decor.",True,True,2026-05-10T22:35:15
ho_05,home_office,framed minimalist wall art,Paper Land Framed Wall Art by Dan Hobday,https://www.westelm.com/products/paper-land-framed-wall-art-by-dan-hobday-d18305/,,"Framed wall art by artist Dan Hobday, known for his abstract and minimalist designs.",$ 549,549.0,West Elm,Wall Art,80,"It is framed wall art by artist Dan Hobday, whose work often features abstract and minimalist designs.",True,True,2026-05-10T22:35:15
ho_05,home_office,framed minimalist wall art,Abstract Ombre 11 Wall Art by Roseanne Kenny,https://www.westelm.com/products/abstract-ombre-11-wall-art-by-roseanne-kenny-d18767/,,"Abstract ombre wall art by Roseanne Kenny, likely framed given the source and context.",$ 799,799.0,West Elm,Wall Art,75,"Features an abstract ombre design, which can align with a minimalist aesthetic, and is likely framed given the source.",True,True,2026-05-10T22:35:15
ho_05,home_office,framed minimalist wall art,Sanguine Dream Framed Canvas Wall Art,https://www.westelm.com/products/sanguine-dream-framed-giclee-canvas-d16761/,,Framed canvas wall art with a 'Sanguine Dream' theme.,$ 579,579.0,West Elm,Wall Art,65,"It is framed canvas wall art, but the 'Sanguine Dream' theme doesn't explicitly indicate a minimalist style without further details.",True,True,2026-05-10T22:35:15
ho_05,home_office,framed minimalist wall art,"""The Mountain Top"" Framed Textile Art by Minted for West Elm",https://www.westelm.com/products/mountain-top-framed-textile-art-by-minted-for-west-elm-d15091/,,Framed textile art with a 'Mountain Top' theme.,$ 498,498.0,West Elm,Wall Art,65,"It is framed textile art, but the 'Mountain Top' theme doesn't explicitly indicate a minimalist style without further details.",True,True,2026-05-10T22:35:15
ho_05,home_office,framed minimalist wall art,Carnegie Gigantic Framed Wall Art by Minted for West Elm,https://www.westelm.com/products/minted-for-west-elm-carnegie-gigantic-d7269/,,Framed wall art by Minted for West Elm.,$ 94,94.0,West Elm,Wall Art,60,"It is framed wall art, but lacks specific details to confirm a minimalist style.",True,True,2026-05-10T22:35:15
ho_05,home_office,framed minimalist wall art,Diagonal Tie-Dye Framed Wall Art,https://www.westelm.com/products/diagnola-tie-dye-framed-wall-art-d16422/,,Framed wall art featuring a diagonal tie-dye pattern.,$ 649,649.0,West Elm,Wall Art,30,"It is framed wall art, but the 'tie-dye' style is generally not considered minimalist.",True,True,2026-05-10T22:35:15
